{"dea": {}, "dfa": {}, "vertex": {"1": {"z": -18.164917236588728, "y": 21.867498642026987, "x": -44.785197742905829}, "0": {"z": -28.352981900068688, "y": 44.735543253467078, "x": 30.1704743511619}, "3": {"z": 49.008505903912727, "y": 5.0750679952219144, "x": -0.45834848868579492}, "2": {"z": -20.616787807007679, "y": -51.247643695805209, "x": 23.069412100757773}}, "face": {"1": ["2", "0", "3"], "0": ["0", "2", "1"], "3": ["1", "2", "3"], "2": ["0", "1", "3"]}, "facedata": {"1": {}, "0": {}, "3": {}, "2": {}}, "attributes": {"name": "Mesh"}, "max_int_fkey": 3, "max_int_key": 3, "edgedata": {}, "dva": {"z": 0.0, "y": 0.0, "x": 0.0}}