{
    "attributes": {
        "name": "Mesh"
    }, 
    "dea": {}, 
    "dfa": {}, 
    "dva": {
        "x": 0.0, 
        "y": 0.0, 
        "z": 0.0
    }, 
    "edgedata": {}, 
    "face": {}, 
    "facedata": {}, 
    "max_int_fkey": -1, 
    "max_int_key": 11, 
    "vertex": {
        "1": {
            "x": -100.30223982521173, 
            "y": -118.53508066618851, 
            "z": 19.82494167861211
        }, 
        "10": {
            "x": -81.382778277278135, 
            "y": -96.792734164554332, 
            "z": -3.4627265673419863
        }, 
        "11": {
            "x": -70.473534222203853, 
            "y": -82.047898767980243, 
            "z": -14.513428553054789
        }, 
        "2": {
            "x": -72.759649043062453, 
            "y": -80.292418378222237, 
            "z": 49.008505903912727
        }, 
        "3": {
            "x": -42.130826203214752, 
            "y": -40.631943119977073, 
            "z": -28.352981900068688
        }, 
        "4": {
            "x": -49.231888453618879, 
            "y": -136.61513006924935, 
            "z": -20.616787807007679
        }, 
        "5": {
            "x": -117.08649829728247, 
            "y": -63.499987731417164, 
            "z": -18.164917236588728
        }, 
        "6": {
            "x": -73.170647419224267, 
            "y": -98.164465822874433, 
            "z": 7.7769886845384315
        }, 
        "7": {
            "x": -57.30686093142495, 
            "y": -85.775725638459804, 
            "z": 0.011004369844057414
        }, 
        "8": {
            "x": -84.607248772884958, 
            "y": -86.413365356166622, 
            "z": 8.5129181598845189
        }, 
        "9": {
            "x": -75.386329943458449, 
            "y": -70.6970145996182, 
            "z": 0.50975641425851193
        }
    }
}